Id,Name,Category,Price,Description,About,Rating,ImageUrl,Brand,Review
B071KFPM9S,ZOMAKE Extra Large Golf Umbrella 51/54/62/68 Inch - Grand Parapluie de Golf Automatic Open Double Canopy Vented Oversize Men's Golf Umbrellas for Rain Windproof Stick Umbrellas,umbrella,32.99,,"About this itemğŸŒˆã€EXTRA LARGE GOLF UMBRELLA WHICH IS WARM HAVENã€‘The oversized golf umbrella 51 inch is a haven for golf lovers,businessmen and daily travel.The windproof golf umbrellas with a diameter of 119 cm can shield 1-2 people from the wind and rain.The warmth under the umbrella warms each other's shouldersâ˜”ã€TOUGH AND STRONG PARAPLUIE DE GOLFã€‘The windproof grand parapluie de golf is made of glass fiber with high toughness,which is strong.The golf umbrella double canopy vent design is adopted to weaken the wind and resist strong wind.Our large golf umbrella is like a tall and straight tree,standing upright with a waist pole,standing in the wind and rain with tenacious vitality,and welcoming wind and rain with the best postureğŸˆã€TO BE A FREE SOULã€‘EVA breathable soft super large handle,large automatic opening button,comfortable and labor-saving,ready to open the sports umbrella.Beautiful and fashionable golf umbrella cover.Put the sturdy umbrella into the umbrella cover and change into a chivalrous man.Walk the world with a sword.Be a hero walking in the wind and rain.The soul of freedom is unstoppableğŸ‘«ã€PERFECT COMPANIONã€‘The fashionable and atmospheric golf umbrellas for rain can be installed on the golf cart to start an elegant golf activity.The big golf umbrella can also accompany you to an important business event to show a mature,low-key and tasteful life.Simple and luxurious large golf umbrella is the perfect companion for daily travel lifeğŸ’Œã€RELIABLE BRANDã€‘ZOMAKE oversize umbrella has accompanied more than 500,000 customers through trials and tribulations with its high-end atmospheric appearance and high-quality quality,creating countless warm memories together.Whether it's a rainy spring or a windy winter,ZOMAKE golf umbrella will always be with you!â€ºSee more product details",4.6 ,https://m.media-amazon.com/images/I/61d68GeSEyL.__AC_SX300_SY300_QL70_ML2_.jpg,ZOMAKE,"Strong umbrella,  great choices of colors and a perfect size."
B071KFPM9S,ZOMAKE Extra Large Golf Umbrella 51/54/62/68 Inch - Grand Parapluie de Golf Automatic Open Double Canopy Vented Oversize Men's Golf Umbrellas for Rain Windproof Stick Umbrellas,umbrella,32.99,,"About this itemğŸŒˆã€EXTRA LARGE GOLF UMBRELLA WHICH IS WARM HAVENã€‘The oversized golf umbrella 51 inch is a haven for golf lovers,businessmen and daily travel.The windproof golf umbrellas with a diameter of 119 cm can shield 1-2 people from the wind and rain.The warmth under the umbrella warms each other's shouldersâ˜”ã€TOUGH AND STRONG PARAPLUIE DE GOLFã€‘The windproof grand parapluie de golf is made of glass fiber with high toughness,which is strong.The golf umbrella double canopy vent design is adopted to weaken the wind and resist strong wind.Our large golf umbrella is like a tall and straight tree,standing upright with a waist pole,standing in the wind and rain with tenacious vitality,and welcoming wind and rain with the best postureğŸˆã€TO BE A FREE SOULã€‘EVA breathable soft super large handle,large automatic opening button,comfortable and labor-saving,ready to open the sports umbrella.Beautiful and fashionable golf umbrella cover.Put the sturdy umbrella into the umbrella cover and change into a chivalrous man.Walk the world with a sword.Be a hero walking in the wind and rain.The soul of freedom is unstoppableğŸ‘«ã€PERFECT COMPANIONã€‘The fashionable and atmospheric golf umbrellas for rain can be installed on the golf cart to start an elegant golf activity.The big golf umbrella can also accompany you to an important business event to show a mature,low-key and tasteful life.Simple and luxurious large golf umbrella is the perfect companion for daily travel lifeğŸ’Œã€RELIABLE BRANDã€‘ZOMAKE oversize umbrella has accompanied more than 500,000 customers through trials and tribulations with its high-end atmospheric appearance and high-quality quality,creating countless warm memories together.Whether it's a rainy spring or a windy winter,ZOMAKE golf umbrella will always be with you!â€ºSee more product details",4.6 ,https://m.media-amazon.com/images/I/61d68GeSEyL.__AC_SX300_SY300_QL70_ML2_.jpg,ZOMAKE,"Perfect umbrella , big and strong. Always wanted this exact umbrella finally got it. Next time perhaps i will get the size 56-58."
B071KFPM9S,ZOMAKE Extra Large Golf Umbrella 51/54/62/68 Inch - Grand Parapluie de Golf Automatic Open Double Canopy Vented Oversize Men's Golf Umbrellas for Rain Windproof Stick Umbrellas,umbrella,32.99,,"About this itemğŸŒˆã€EXTRA LARGE GOLF UMBRELLA WHICH IS WARM HAVENã€‘The oversized golf umbrella 51 inch is a haven for golf lovers,businessmen and daily travel.The windproof golf umbrellas with a diameter of 119 cm can shield 1-2 people from the wind and rain.The warmth under the umbrella warms each other's shouldersâ˜”ã€TOUGH AND STRONG PARAPLUIE DE GOLFã€‘The windproof grand parapluie de golf is made of glass fiber with high toughness,which is strong.The golf umbrella double canopy vent design is adopted to weaken the wind and resist strong wind.Our large golf umbrella is like a tall and straight tree,standing upright with a waist pole,standing in the wind and rain with tenacious vitality,and welcoming wind and rain with the best postureğŸˆã€TO BE A FREE SOULã€‘EVA breathable soft super large handle,large automatic opening button,comfortable and labor-saving,ready to open the sports umbrella.Beautiful and fashionable golf umbrella cover.Put the sturdy umbrella into the umbrella cover and change into a chivalrous man.Walk the world with a sword.Be a hero walking in the wind and rain.The soul of freedom is unstoppableğŸ‘«ã€PERFECT COMPANIONã€‘The fashionable and atmospheric golf umbrellas for rain can be installed on the golf cart to start an elegant golf activity.The big golf umbrella can also accompany you to an important business event to show a mature,low-key and tasteful life.Simple and luxurious large golf umbrella is the perfect companion for daily travel lifeğŸ’Œã€RELIABLE BRANDã€‘ZOMAKE oversize umbrella has accompanied more than 500,000 customers through trials and tribulations with its high-end atmospheric appearance and high-quality quality,creating countless warm memories together.Whether it's a rainy spring or a windy winter,ZOMAKE golf umbrella will always be with you!â€ºSee more product details",4.6 ,https://m.media-amazon.com/images/I/61d68GeSEyL.__AC_SX300_SY300_QL70_ML2_.jpg,ZOMAKE,"Iâ€™m 5â€™10â€ so I wanted a BIG umbrella for watching my sonâ€™s soccer in the rain. This delivers! Itâ€™s light weight, huge, and really durable. I only wish that the foam handle extended further up the shaft, but realize that would limit the size of the umbrella so itâ€™s not a deal breaker. Great to have a case with shoulder strap too"
B071KFPM9S,ZOMAKE Extra Large Golf Umbrella 51/54/62/68 Inch - Grand Parapluie de Golf Automatic Open Double Canopy Vented Oversize Men's Golf Umbrellas for Rain Windproof Stick Umbrellas,umbrella,32.99,,"About this itemğŸŒˆã€EXTRA LARGE GOLF UMBRELLA WHICH IS WARM HAVENã€‘The oversized golf umbrella 51 inch is a haven for golf lovers,businessmen and daily travel.The windproof golf umbrellas with a diameter of 119 cm can shield 1-2 people from the wind and rain.The warmth under the umbrella warms each other's shouldersâ˜”ã€TOUGH AND STRONG PARAPLUIE DE GOLFã€‘The windproof grand parapluie de golf is made of glass fiber with high toughness,which is strong.The golf umbrella double canopy vent design is adopted to weaken the wind and resist strong wind.Our large golf umbrella is like a tall and straight tree,standing upright with a waist pole,standing in the wind and rain with tenacious vitality,and welcoming wind and rain with the best postureğŸˆã€TO BE A FREE SOULã€‘EVA breathable soft super large handle,large automatic opening button,comfortable and labor-saving,ready to open the sports umbrella.Beautiful and fashionable golf umbrella cover.Put the sturdy umbrella into the umbrella cover and change into a chivalrous man.Walk the world with a sword.Be a hero walking in the wind and rain.The soul of freedom is unstoppableğŸ‘«ã€PERFECT COMPANIONã€‘The fashionable and atmospheric golf umbrellas for rain can be installed on the golf cart to start an elegant golf activity.The big golf umbrella can also accompany you to an important business event to show a mature,low-key and tasteful life.Simple and luxurious large golf umbrella is the perfect companion for daily travel lifeğŸ’Œã€RELIABLE BRANDã€‘ZOMAKE oversize umbrella has accompanied more than 500,000 customers through trials and tribulations with its high-end atmospheric appearance and high-quality quality,creating countless warm memories together.Whether it's a rainy spring or a windy winter,ZOMAKE golf umbrella will always be with you!â€ºSee more product details",4.6 ,https://m.media-amazon.com/images/I/61d68GeSEyL.__AC_SX300_SY300_QL70_ML2_.jpg,ZOMAKE,"Purple, 68 in.I had been looking at large umbrellas/golf umbrellas on Amazon for a while because it's been hard to find a good selection here even though it's a big city.I had a few different ones on my wishlist, but I really like this purple. Also, the last few days ""the wet Coast"" is living up to its name big time, just as my dog had surgery and I'm trying to get her outside to do her business without getting soaked (even with a jacket on!) and  jeopardizing the incision! I needed something that would get here ASAP so between the size and the delivery date, I went with this one. So glad I did! It's huge! And it arrived with one day delivery as promised.It absolutely fits the bill! I can give myself coverage as well as the dog as she wanders around on the leash.It seems very sturdy, and between that and the size, it's heavier than your average golf umbrella, but if you want something that two people can fit under comfortably or you need coverage for your backpack I would definitely recommend this!"
B071KFPM9S,ZOMAKE Extra Large Golf Umbrella 51/54/62/68 Inch - Grand Parapluie de Golf Automatic Open Double Canopy Vented Oversize Men's Golf Umbrellas for Rain Windproof Stick Umbrellas,umbrella,32.99,,"About this itemğŸŒˆã€EXTRA LARGE GOLF UMBRELLA WHICH IS WARM HAVENã€‘The oversized golf umbrella 51 inch is a haven for golf lovers,businessmen and daily travel.The windproof golf umbrellas with a diameter of 119 cm can shield 1-2 people from the wind and rain.The warmth under the umbrella warms each other's shouldersâ˜”ã€TOUGH AND STRONG PARAPLUIE DE GOLFã€‘The windproof grand parapluie de golf is made of glass fiber with high toughness,which is strong.The golf umbrella double canopy vent design is adopted to weaken the wind and resist strong wind.Our large golf umbrella is like a tall and straight tree,standing upright with a waist pole,standing in the wind and rain with tenacious vitality,and welcoming wind and rain with the best postureğŸˆã€TO BE A FREE SOULã€‘EVA breathable soft super large handle,large automatic opening button,comfortable and labor-saving,ready to open the sports umbrella.Beautiful and fashionable golf umbrella cover.Put the sturdy umbrella into the umbrella cover and change into a chivalrous man.Walk the world with a sword.Be a hero walking in the wind and rain.The soul of freedom is unstoppableğŸ‘«ã€PERFECT COMPANIONã€‘The fashionable and atmospheric golf umbrellas for rain can be installed on the golf cart to start an elegant golf activity.The big golf umbrella can also accompany you to an important business event to show a mature,low-key and tasteful life.Simple and luxurious large golf umbrella is the perfect companion for daily travel lifeğŸ’Œã€RELIABLE BRANDã€‘ZOMAKE oversize umbrella has accompanied more than 500,000 customers through trials and tribulations with its high-end atmospheric appearance and high-quality quality,creating countless warm memories together.Whether it's a rainy spring or a windy winter,ZOMAKE golf umbrella will always be with you!â€ºSee more product details",4.6 ,https://m.media-amazon.com/images/I/61d68GeSEyL.__AC_SX300_SY300_QL70_ML2_.jpg,ZOMAKE,Itâ€™s not heavy at all. I wanted the even bigger one but was concerned about the weight. I might get that one too. Great for both kids and myself. Better than trying to get them to hold their tiny umbrellas in place.
B071KFPM9S,ZOMAKE Extra Large Golf Umbrella 51/54/62/68 Inch - Grand Parapluie de Golf Automatic Open Double Canopy Vented Oversize Men's Golf Umbrellas for Rain Windproof Stick Umbrellas,umbrella,32.99,,"About this itemğŸŒˆã€EXTRA LARGE GOLF UMBRELLA WHICH IS WARM HAVENã€‘The oversized golf umbrella 51 inch is a haven for golf lovers,businessmen and daily travel.The windproof golf umbrellas with a diameter of 119 cm can shield 1-2 people from the wind and rain.The warmth under the umbrella warms each other's shouldersâ˜”ã€TOUGH AND STRONG PARAPLUIE DE GOLFã€‘The windproof grand parapluie de golf is made of glass fiber with high toughness,which is strong.The golf umbrella double canopy vent design is adopted to weaken the wind and resist strong wind.Our large golf umbrella is like a tall and straight tree,standing upright with a waist pole,standing in the wind and rain with tenacious vitality,and welcoming wind and rain with the best postureğŸˆã€TO BE A FREE SOULã€‘EVA breathable soft super large handle,large automatic opening button,comfortable and labor-saving,ready to open the sports umbrella.Beautiful and fashionable golf umbrella cover.Put the sturdy umbrella into the umbrella cover and change into a chivalrous man.Walk the world with a sword.Be a hero walking in the wind and rain.The soul of freedom is unstoppableğŸ‘«ã€PERFECT COMPANIONã€‘The fashionable and atmospheric golf umbrellas for rain can be installed on the golf cart to start an elegant golf activity.The big golf umbrella can also accompany you to an important business event to show a mature,low-key and tasteful life.Simple and luxurious large golf umbrella is the perfect companion for daily travel lifeğŸ’Œã€RELIABLE BRANDã€‘ZOMAKE oversize umbrella has accompanied more than 500,000 customers through trials and tribulations with its high-end atmospheric appearance and high-quality quality,creating countless warm memories together.Whether it's a rainy spring or a windy winter,ZOMAKE golf umbrella will always be with you!â€ºSee more product details",4.6 ,https://m.media-amazon.com/images/I/61d68GeSEyL.__AC_SX300_SY300_QL70_ML2_.jpg,ZOMAKE,I love this !
B071KFPM9S,ZOMAKE Extra Large Golf Umbrella 51/54/62/68 Inch - Grand Parapluie de Golf Automatic Open Double Canopy Vented Oversize Men's Golf Umbrellas for Rain Windproof Stick Umbrellas,umbrella,32.99,,"About this itemğŸŒˆã€EXTRA LARGE GOLF UMBRELLA WHICH IS WARM HAVENã€‘The oversized golf umbrella 51 inch is a haven for golf lovers,businessmen and daily travel.The windproof golf umbrellas with a diameter of 119 cm can shield 1-2 people from the wind and rain.The warmth under the umbrella warms each other's shouldersâ˜”ã€TOUGH AND STRONG PARAPLUIE DE GOLFã€‘The windproof grand parapluie de golf is made of glass fiber with high toughness,which is strong.The golf umbrella double canopy vent design is adopted to weaken the wind and resist strong wind.Our large golf umbrella is like a tall and straight tree,standing upright with a waist pole,standing in the wind and rain with tenacious vitality,and welcoming wind and rain with the best postureğŸˆã€TO BE A FREE SOULã€‘EVA breathable soft super large handle,large automatic opening button,comfortable and labor-saving,ready to open the sports umbrella.Beautiful and fashionable golf umbrella cover.Put the sturdy umbrella into the umbrella cover and change into a chivalrous man.Walk the world with a sword.Be a hero walking in the wind and rain.The soul of freedom is unstoppableğŸ‘«ã€PERFECT COMPANIONã€‘The fashionable and atmospheric golf umbrellas for rain can be installed on the golf cart to start an elegant golf activity.The big golf umbrella can also accompany you to an important business event to show a mature,low-key and tasteful life.Simple and luxurious large golf umbrella is the perfect companion for daily travel lifeğŸ’Œã€RELIABLE BRANDã€‘ZOMAKE oversize umbrella has accompanied more than 500,000 customers through trials and tribulations with its high-end atmospheric appearance and high-quality quality,creating countless warm memories together.Whether it's a rainy spring or a windy winter,ZOMAKE golf umbrella will always be with you!â€ºSee more product details",4.6 ,https://m.media-amazon.com/images/I/61d68GeSEyL.__AC_SX300_SY300_QL70_ML2_.jpg,ZOMAKE,"I had a black and red one before and mislaid it, someone was quick to snatch that bad boy up. I ordered another that night...came FAST the next day. If I lose this one I won't hesitate a second to order another!"
B071KFPM9S,ZOMAKE Extra Large Golf Umbrella 51/54/62/68 Inch - Grand Parapluie de Golf Automatic Open Double Canopy Vented Oversize Men's Golf Umbrellas for Rain Windproof Stick Umbrellas,umbrella,32.99,,"About this itemğŸŒˆã€EXTRA LARGE GOLF UMBRELLA WHICH IS WARM HAVENã€‘The oversized golf umbrella 51 inch is a haven for golf lovers,businessmen and daily travel.The windproof golf umbrellas with a diameter of 119 cm can shield 1-2 people from the wind and rain.The warmth under the umbrella warms each other's shouldersâ˜”ã€TOUGH AND STRONG PARAPLUIE DE GOLFã€‘The windproof grand parapluie de golf is made of glass fiber with high toughness,which is strong.The golf umbrella double canopy vent design is adopted to weaken the wind and resist strong wind.Our large golf umbrella is like a tall and straight tree,standing upright with a waist pole,standing in the wind and rain with tenacious vitality,and welcoming wind and rain with the best postureğŸˆã€TO BE A FREE SOULã€‘EVA breathable soft super large handle,large automatic opening button,comfortable and labor-saving,ready to open the sports umbrella.Beautiful and fashionable golf umbrella cover.Put the sturdy umbrella into the umbrella cover and change into a chivalrous man.Walk the world with a sword.Be a hero walking in the wind and rain.The soul of freedom is unstoppableğŸ‘«ã€PERFECT COMPANIONã€‘The fashionable and atmospheric golf umbrellas for rain can be installed on the golf cart to start an elegant golf activity.The big golf umbrella can also accompany you to an important business event to show a mature,low-key and tasteful life.Simple and luxurious large golf umbrella is the perfect companion for daily travel lifeğŸ’Œã€RELIABLE BRANDã€‘ZOMAKE oversize umbrella has accompanied more than 500,000 customers through trials and tribulations with its high-end atmospheric appearance and high-quality quality,creating countless warm memories together.Whether it's a rainy spring or a windy winter,ZOMAKE golf umbrella will always be with you!â€ºSee more product details",4.6 ,https://m.media-amazon.com/images/I/61d68GeSEyL.__AC_SX300_SY300_QL70_ML2_.jpg,ZOMAKE,I prefer large umbrellas and this is one of my favorites. It has protected me so many times.
B071KFPM9S,ZOMAKE Extra Large Golf Umbrella 51/54/62/68 Inch - Grand Parapluie de Golf Automatic Open Double Canopy Vented Oversize Men's Golf Umbrellas for Rain Windproof Stick Umbrellas,umbrella,32.99,,"About this itemğŸŒˆã€EXTRA LARGE GOLF UMBRELLA WHICH IS WARM HAVENã€‘The oversized golf umbrella 51 inch is a haven for golf lovers,businessmen and daily travel.The windproof golf umbrellas with a diameter of 119 cm can shield 1-2 people from the wind and rain.The warmth under the umbrella warms each other's shouldersâ˜”ã€TOUGH AND STRONG PARAPLUIE DE GOLFã€‘The windproof grand parapluie de golf is made of glass fiber with high toughness,which is strong.The golf umbrella double canopy vent design is adopted to weaken the wind and resist strong wind.Our large golf umbrella is like a tall and straight tree,standing upright with a waist pole,standing in the wind and rain with tenacious vitality,and welcoming wind and rain with the best postureğŸˆã€TO BE A FREE SOULã€‘EVA breathable soft super large handle,large automatic opening button,comfortable and labor-saving,ready to open the sports umbrella.Beautiful and fashionable golf umbrella cover.Put the sturdy umbrella into the umbrella cover and change into a chivalrous man.Walk the world with a sword.Be a hero walking in the wind and rain.The soul of freedom is unstoppableğŸ‘«ã€PERFECT COMPANIONã€‘The fashionable and atmospheric golf umbrellas for rain can be installed on the golf cart to start an elegant golf activity.The big golf umbrella can also accompany you to an important business event to show a mature,low-key and tasteful life.Simple and luxurious large golf umbrella is the perfect companion for daily travel lifeğŸ’Œã€RELIABLE BRANDã€‘ZOMAKE oversize umbrella has accompanied more than 500,000 customers through trials and tribulations with its high-end atmospheric appearance and high-quality quality,creating countless warm memories together.Whether it's a rainy spring or a windy winter,ZOMAKE golf umbrella will always be with you!â€ºSee more product details",4.6 ,https://m.media-amazon.com/images/I/61d68GeSEyL.__AC_SX300_SY300_QL70_ML2_.jpg,ZOMAKE,"Belle grandeur de parapluie pour le golf, trÃ¨s satisfaite."
B071KFPM9S,ZOMAKE Extra Large Golf Umbrella 51/54/62/68 Inch - Grand Parapluie de Golf Automatic Open Double Canopy Vented Oversize Men's Golf Umbrellas for Rain Windproof Stick Umbrellas,umbrella,32.99,,"About this itemğŸŒˆã€EXTRA LARGE GOLF UMBRELLA WHICH IS WARM HAVENã€‘The oversized golf umbrella 51 inch is a haven for golf lovers,businessmen and daily travel.The windproof golf umbrellas with a diameter of 119 cm can shield 1-2 people from the wind and rain.The warmth under the umbrella warms each other's shouldersâ˜”ã€TOUGH AND STRONG PARAPLUIE DE GOLFã€‘The windproof grand parapluie de golf is made of glass fiber with high toughness,which is strong.The golf umbrella double canopy vent design is adopted to weaken the wind and resist strong wind.Our large golf umbrella is like a tall and straight tree,standing upright with a waist pole,standing in the wind and rain with tenacious vitality,and welcoming wind and rain with the best postureğŸˆã€TO BE A FREE SOULã€‘EVA breathable soft super large handle,large automatic opening button,comfortable and labor-saving,ready to open the sports umbrella.Beautiful and fashionable golf umbrella cover.Put the sturdy umbrella into the umbrella cover and change into a chivalrous man.Walk the world with a sword.Be a hero walking in the wind and rain.The soul of freedom is unstoppableğŸ‘«ã€PERFECT COMPANIONã€‘The fashionable and atmospheric golf umbrellas for rain can be installed on the golf cart to start an elegant golf activity.The big golf umbrella can also accompany you to an important business event to show a mature,low-key and tasteful life.Simple and luxurious large golf umbrella is the perfect companion for daily travel lifeğŸ’Œã€RELIABLE BRANDã€‘ZOMAKE oversize umbrella has accompanied more than 500,000 customers through trials and tribulations with its high-end atmospheric appearance and high-quality quality,creating countless warm memories together.Whether it's a rainy spring or a windy winter,ZOMAKE golf umbrella will always be with you!â€ºSee more product details",4.6 ,https://m.media-amazon.com/images/I/61d68GeSEyL.__AC_SX300_SY300_QL70_ML2_.jpg,ZOMAKE,Excellent
B071KFPM9S,ZOMAKE Extra Large Golf Umbrella 51/54/62/68 Inch - Grand Parapluie de Golf Automatic Open Double Canopy Vented Oversize Men's Golf Umbrellas for Rain Windproof Stick Umbrellas,umbrella,32.99,,"About this itemğŸŒˆã€EXTRA LARGE GOLF UMBRELLA WHICH IS WARM HAVENã€‘The oversized golf umbrella 51 inch is a haven for golf lovers,businessmen and daily travel.The windproof golf umbrellas with a diameter of 119 cm can shield 1-2 people from the wind and rain.The warmth under the umbrella warms each other's shouldersâ˜”ã€TOUGH AND STRONG PARAPLUIE DE GOLFã€‘The windproof grand parapluie de golf is made of glass fiber with high toughness,which is strong.The golf umbrella double canopy vent design is adopted to weaken the wind and resist strong wind.Our large golf umbrella is like a tall and straight tree,standing upright with a waist pole,standing in the wind and rain with tenacious vitality,and welcoming wind and rain with the best postureğŸˆã€TO BE A FREE SOULã€‘EVA breathable soft super large handle,large automatic opening button,comfortable and labor-saving,ready to open the sports umbrella.Beautiful and fashionable golf umbrella cover.Put the sturdy umbrella into the umbrella cover and change into a chivalrous man.Walk the world with a sword.Be a hero walking in the wind and rain.The soul of freedom is unstoppableğŸ‘«ã€PERFECT COMPANIONã€‘The fashionable and atmospheric golf umbrellas for rain can be installed on the golf cart to start an elegant golf activity.The big golf umbrella can also accompany you to an important business event to show a mature,low-key and tasteful life.Simple and luxurious large golf umbrella is the perfect companion for daily travel lifeğŸ’Œã€RELIABLE BRANDã€‘ZOMAKE oversize umbrella has accompanied more than 500,000 customers through trials and tribulations with its high-end atmospheric appearance and high-quality quality,creating countless warm memories together.Whether it's a rainy spring or a windy winter,ZOMAKE golf umbrella will always be with you!â€ºSee more product details",4.6 ,https://m.media-amazon.com/images/I/61d68GeSEyL.__AC_SX300_SY300_QL70_ML2_.jpg,ZOMAKE,"Perfect size (68"") for the golf!"
B071KFPM9S,ZOMAKE Extra Large Golf Umbrella 51/54/62/68 Inch - Grand Parapluie de Golf Automatic Open Double Canopy Vented Oversize Men's Golf Umbrellas for Rain Windproof Stick Umbrellas,umbrella,32.99,,"About this itemğŸŒˆã€EXTRA LARGE GOLF UMBRELLA WHICH IS WARM HAVENã€‘The oversized golf umbrella 51 inch is a haven for golf lovers,businessmen and daily travel.The windproof golf umbrellas with a diameter of 119 cm can shield 1-2 people from the wind and rain.The warmth under the umbrella warms each other's shouldersâ˜”ã€TOUGH AND STRONG PARAPLUIE DE GOLFã€‘The windproof grand parapluie de golf is made of glass fiber with high toughness,which is strong.The golf umbrella double canopy vent design is adopted to weaken the wind and resist strong wind.Our large golf umbrella is like a tall and straight tree,standing upright with a waist pole,standing in the wind and rain with tenacious vitality,and welcoming wind and rain with the best postureğŸˆã€TO BE A FREE SOULã€‘EVA breathable soft super large handle,large automatic opening button,comfortable and labor-saving,ready to open the sports umbrella.Beautiful and fashionable golf umbrella cover.Put the sturdy umbrella into the umbrella cover and change into a chivalrous man.Walk the world with a sword.Be a hero walking in the wind and rain.The soul of freedom is unstoppableğŸ‘«ã€PERFECT COMPANIONã€‘The fashionable and atmospheric golf umbrellas for rain can be installed on the golf cart to start an elegant golf activity.The big golf umbrella can also accompany you to an important business event to show a mature,low-key and tasteful life.Simple and luxurious large golf umbrella is the perfect companion for daily travel lifeğŸ’Œã€RELIABLE BRANDã€‘ZOMAKE oversize umbrella has accompanied more than 500,000 customers through trials and tribulations with its high-end atmospheric appearance and high-quality quality,creating countless warm memories together.Whether it's a rainy spring or a windy winter,ZOMAKE golf umbrella will always be with you!â€ºSee more product details",4.6 ,https://m.media-amazon.com/images/I/61d68GeSEyL.__AC_SX300_SY300_QL70_ML2_.jpg,ZOMAKE,Like the color
B071KFPM9S,ZOMAKE Extra Large Golf Umbrella 51/54/62/68 Inch - Grand Parapluie de Golf Automatic Open Double Canopy Vented Oversize Men's Golf Umbrellas for Rain Windproof Stick Umbrellas,umbrella,32.99,,"About this itemğŸŒˆã€EXTRA LARGE GOLF UMBRELLA WHICH IS WARM HAVENã€‘The oversized golf umbrella 51 inch is a haven for golf lovers,businessmen and daily travel.The windproof golf umbrellas with a diameter of 119 cm can shield 1-2 people from the wind and rain.The warmth under the umbrella warms each other's shouldersâ˜”ã€TOUGH AND STRONG PARAPLUIE DE GOLFã€‘The windproof grand parapluie de golf is made of glass fiber with high toughness,which is strong.The golf umbrella double canopy vent design is adopted to weaken the wind and resist strong wind.Our large golf umbrella is like a tall and straight tree,standing upright with a waist pole,standing in the wind and rain with tenacious vitality,and welcoming wind and rain with the best postureğŸˆã€TO BE A FREE SOULã€‘EVA breathable soft super large handle,large automatic opening button,comfortable and labor-saving,ready to open the sports umbrella.Beautiful and fashionable golf umbrella cover.Put the sturdy umbrella into the umbrella cover and change into a chivalrous man.Walk the world with a sword.Be a hero walking in the wind and rain.The soul of freedom is unstoppableğŸ‘«ã€PERFECT COMPANIONã€‘The fashionable and atmospheric golf umbrellas for rain can be installed on the golf cart to start an elegant golf activity.The big golf umbrella can also accompany you to an important business event to show a mature,low-key and tasteful life.Simple and luxurious large golf umbrella is the perfect companion for daily travel lifeğŸ’Œã€RELIABLE BRANDã€‘ZOMAKE oversize umbrella has accompanied more than 500,000 customers through trials and tribulations with its high-end atmospheric appearance and high-quality quality,creating countless warm memories together.Whether it's a rainy spring or a windy winter,ZOMAKE golf umbrella will always be with you!â€ºSee more product details",4.6 ,https://m.media-amazon.com/images/I/61d68GeSEyL.__AC_SX300_SY300_QL70_ML2_.jpg,ZOMAKE,Huge great funny.Love it
B071KFPM9S,ZOMAKE Extra Large Golf Umbrella 51/54/62/68 Inch - Grand Parapluie de Golf Automatic Open Double Canopy Vented Oversize Men's Golf Umbrellas for Rain Windproof Stick Umbrellas,umbrella,32.99,,"About this itemğŸŒˆã€EXTRA LARGE GOLF UMBRELLA WHICH IS WARM HAVENã€‘The oversized golf umbrella 51 inch is a haven for golf lovers,businessmen and daily travel.The windproof golf umbrellas with a diameter of 119 cm can shield 1-2 people from the wind and rain.The warmth under the umbrella warms each other's shouldersâ˜”ã€TOUGH AND STRONG PARAPLUIE DE GOLFã€‘The windproof grand parapluie de golf is made of glass fiber with high toughness,which is strong.The golf umbrella double canopy vent design is adopted to weaken the wind and resist strong wind.Our large golf umbrella is like a tall and straight tree,standing upright with a waist pole,standing in the wind and rain with tenacious vitality,and welcoming wind and rain with the best postureğŸˆã€TO BE A FREE SOULã€‘EVA breathable soft super large handle,large automatic opening button,comfortable and labor-saving,ready to open the sports umbrella.Beautiful and fashionable golf umbrella cover.Put the sturdy umbrella into the umbrella cover and change into a chivalrous man.Walk the world with a sword.Be a hero walking in the wind and rain.The soul of freedom is unstoppableğŸ‘«ã€PERFECT COMPANIONã€‘The fashionable and atmospheric golf umbrellas for rain can be installed on the golf cart to start an elegant golf activity.The big golf umbrella can also accompany you to an important business event to show a mature,low-key and tasteful life.Simple and luxurious large golf umbrella is the perfect companion for daily travel lifeğŸ’Œã€RELIABLE BRANDã€‘ZOMAKE oversize umbrella has accompanied more than 500,000 customers through trials and tribulations with its high-end atmospheric appearance and high-quality quality,creating countless warm memories together.Whether it's a rainy spring or a windy winter,ZOMAKE golf umbrella will always be with you!â€ºSee more product details",4.6 ,https://m.media-amazon.com/images/I/61d68GeSEyL.__AC_SX300_SY300_QL70_ML2_.jpg,ZOMAKE,Semble trÃ¨s rÃ©sistant !!!Bonne grippe et gance aprÃ¨s etui intÃ©ressante pour transport.  TrÃ¨s belle grandeur pour marche sans Ãªtre trempÃ©e!!!
B071KFPM9S,ZOMAKE Extra Large Golf Umbrella 51/54/62/68 Inch - Grand Parapluie de Golf Automatic Open Double Canopy Vented Oversize Men's Golf Umbrellas for Rain Windproof Stick Umbrellas,umbrella,32.99,,"About this itemğŸŒˆã€EXTRA LARGE GOLF UMBRELLA WHICH IS WARM HAVENã€‘The oversized golf umbrella 51 inch is a haven for golf lovers,businessmen and daily travel.The windproof golf umbrellas with a diameter of 119 cm can shield 1-2 people from the wind and rain.The warmth under the umbrella warms each other's shouldersâ˜”ã€TOUGH AND STRONG PARAPLUIE DE GOLFã€‘The windproof grand parapluie de golf is made of glass fiber with high toughness,which is strong.The golf umbrella double canopy vent design is adopted to weaken the wind and resist strong wind.Our large golf umbrella is like a tall and straight tree,standing upright with a waist pole,standing in the wind and rain with tenacious vitality,and welcoming wind and rain with the best postureğŸˆã€TO BE A FREE SOULã€‘EVA breathable soft super large handle,large automatic opening button,comfortable and labor-saving,ready to open the sports umbrella.Beautiful and fashionable golf umbrella cover.Put the sturdy umbrella into the umbrella cover and change into a chivalrous man.Walk the world with a sword.Be a hero walking in the wind and rain.The soul of freedom is unstoppableğŸ‘«ã€PERFECT COMPANIONã€‘The fashionable and atmospheric golf umbrellas for rain can be installed on the golf cart to start an elegant golf activity.The big golf umbrella can also accompany you to an important business event to show a mature,low-key and tasteful life.Simple and luxurious large golf umbrella is the perfect companion for daily travel lifeğŸ’Œã€RELIABLE BRANDã€‘ZOMAKE oversize umbrella has accompanied more than 500,000 customers through trials and tribulations with its high-end atmospheric appearance and high-quality quality,creating countless warm memories together.Whether it's a rainy spring or a windy winter,ZOMAKE golf umbrella will always be with you!â€ºSee more product details",4.6 ,https://m.media-amazon.com/images/I/61d68GeSEyL.__AC_SX300_SY300_QL70_ML2_.jpg,ZOMAKE,Very nice good materiel
B071KFPM9S,ZOMAKE Extra Large Golf Umbrella 51/54/62/68 Inch - Grand Parapluie de Golf Automatic Open Double Canopy Vented Oversize Men's Golf Umbrellas for Rain Windproof Stick Umbrellas,umbrella,32.99,,"About this itemğŸŒˆã€EXTRA LARGE GOLF UMBRELLA WHICH IS WARM HAVENã€‘The oversized golf umbrella 51 inch is a haven for golf lovers,businessmen and daily travel.The windproof golf umbrellas with a diameter of 119 cm can shield 1-2 people from the wind and rain.The warmth under the umbrella warms each other's shouldersâ˜”ã€TOUGH AND STRONG PARAPLUIE DE GOLFã€‘The windproof grand parapluie de golf is made of glass fiber with high toughness,which is strong.The golf umbrella double canopy vent design is adopted to weaken the wind and resist strong wind.Our large golf umbrella is like a tall and straight tree,standing upright with a waist pole,standing in the wind and rain with tenacious vitality,and welcoming wind and rain with the best postureğŸˆã€TO BE A FREE SOULã€‘EVA breathable soft super large handle,large automatic opening button,comfortable and labor-saving,ready to open the sports umbrella.Beautiful and fashionable golf umbrella cover.Put the sturdy umbrella into the umbrella cover and change into a chivalrous man.Walk the world with a sword.Be a hero walking in the wind and rain.The soul of freedom is unstoppableğŸ‘«ã€PERFECT COMPANIONã€‘The fashionable and atmospheric golf umbrellas for rain can be installed on the golf cart to start an elegant golf activity.The big golf umbrella can also accompany you to an important business event to show a mature,low-key and tasteful life.Simple and luxurious large golf umbrella is the perfect companion for daily travel lifeğŸ’Œã€RELIABLE BRANDã€‘ZOMAKE oversize umbrella has accompanied more than 500,000 customers through trials and tribulations with its high-end atmospheric appearance and high-quality quality,creating countless warm memories together.Whether it's a rainy spring or a windy winter,ZOMAKE golf umbrella will always be with you!â€ºSee more product details",4.6 ,https://m.media-amazon.com/images/I/61d68GeSEyL.__AC_SX300_SY300_QL70_ML2_.jpg,ZOMAKE,"Holds up on very windy rainy days, my kid and I fit underneath. Very good quality umbrella. I've had it for 2 years now and it's still in excellent condition"
B071KFPM9S,ZOMAKE Extra Large Golf Umbrella 51/54/62/68 Inch - Grand Parapluie de Golf Automatic Open Double Canopy Vented Oversize Men's Golf Umbrellas for Rain Windproof Stick Umbrellas,umbrella,32.99,,"About this itemğŸŒˆã€EXTRA LARGE GOLF UMBRELLA WHICH IS WARM HAVENã€‘The oversized golf umbrella 51 inch is a haven for golf lovers,businessmen and daily travel.The windproof golf umbrellas with a diameter of 119 cm can shield 1-2 people from the wind and rain.The warmth under the umbrella warms each other's shouldersâ˜”ã€TOUGH AND STRONG PARAPLUIE DE GOLFã€‘The windproof grand parapluie de golf is made of glass fiber with high toughness,which is strong.The golf umbrella double canopy vent design is adopted to weaken the wind and resist strong wind.Our large golf umbrella is like a tall and straight tree,standing upright with a waist pole,standing in the wind and rain with tenacious vitality,and welcoming wind and rain with the best postureğŸˆã€TO BE A FREE SOULã€‘EVA breathable soft super large handle,large automatic opening button,comfortable and labor-saving,ready to open the sports umbrella.Beautiful and fashionable golf umbrella cover.Put the sturdy umbrella into the umbrella cover and change into a chivalrous man.Walk the world with a sword.Be a hero walking in the wind and rain.The soul of freedom is unstoppableğŸ‘«ã€PERFECT COMPANIONã€‘The fashionable and atmospheric golf umbrellas for rain can be installed on the golf cart to start an elegant golf activity.The big golf umbrella can also accompany you to an important business event to show a mature,low-key and tasteful life.Simple and luxurious large golf umbrella is the perfect companion for daily travel lifeğŸ’Œã€RELIABLE BRANDã€‘ZOMAKE oversize umbrella has accompanied more than 500,000 customers through trials and tribulations with its high-end atmospheric appearance and high-quality quality,creating countless warm memories together.Whether it's a rainy spring or a windy winter,ZOMAKE golf umbrella will always be with you!â€ºSee more product details",4.6 ,https://m.media-amazon.com/images/I/61d68GeSEyL.__AC_SX300_SY300_QL70_ML2_.jpg,ZOMAKE,"The stick is quite brittle - I weight 60kg and it broke when I was climbing stairs while using the umbrella for support. The canopy vent helps with the wind, but if you keep the umbrella upside down (as you normally would) after using it, water from the bottom canopy will flow inside the umbrella and then on your hand if you use the umbrella again before it completely dries out. I also wish the handle was a hook so that I could hang it when I need both hands while not using the umbrella."
B071KFPM9S,ZOMAKE Extra Large Golf Umbrella 51/54/62/68 Inch - Grand Parapluie de Golf Automatic Open Double Canopy Vented Oversize Men's Golf Umbrellas for Rain Windproof Stick Umbrellas,umbrella,32.99,,"About this itemğŸŒˆã€EXTRA LARGE GOLF UMBRELLA WHICH IS WARM HAVENã€‘The oversized golf umbrella 51 inch is a haven for golf lovers,businessmen and daily travel.The windproof golf umbrellas with a diameter of 119 cm can shield 1-2 people from the wind and rain.The warmth under the umbrella warms each other's shouldersâ˜”ã€TOUGH AND STRONG PARAPLUIE DE GOLFã€‘The windproof grand parapluie de golf is made of glass fiber with high toughness,which is strong.The golf umbrella double canopy vent design is adopted to weaken the wind and resist strong wind.Our large golf umbrella is like a tall and straight tree,standing upright with a waist pole,standing in the wind and rain with tenacious vitality,and welcoming wind and rain with the best postureğŸˆã€TO BE A FREE SOULã€‘EVA breathable soft super large handle,large automatic opening button,comfortable and labor-saving,ready to open the sports umbrella.Beautiful and fashionable golf umbrella cover.Put the sturdy umbrella into the umbrella cover and change into a chivalrous man.Walk the world with a sword.Be a hero walking in the wind and rain.The soul of freedom is unstoppableğŸ‘«ã€PERFECT COMPANIONã€‘The fashionable and atmospheric golf umbrellas for rain can be installed on the golf cart to start an elegant golf activity.The big golf umbrella can also accompany you to an important business event to show a mature,low-key and tasteful life.Simple and luxurious large golf umbrella is the perfect companion for daily travel lifeğŸ’Œã€RELIABLE BRANDã€‘ZOMAKE oversize umbrella has accompanied more than 500,000 customers through trials and tribulations with its high-end atmospheric appearance and high-quality quality,creating countless warm memories together.Whether it's a rainy spring or a windy winter,ZOMAKE golf umbrella will always be with you!â€ºSee more product details",4.6 ,https://m.media-amazon.com/images/I/61d68GeSEyL.__AC_SX300_SY300_QL70_ML2_.jpg,ZOMAKE,Bought it for my husband for he goes to soccer weekly to watch grandchildren.It keeps him dry.
B071KFPM9S,ZOMAKE Extra Large Golf Umbrella 51/54/62/68 Inch - Grand Parapluie de Golf Automatic Open Double Canopy Vented Oversize Men's Golf Umbrellas for Rain Windproof Stick Umbrellas,umbrella,32.99,,"About this itemğŸŒˆã€EXTRA LARGE GOLF UMBRELLA WHICH IS WARM HAVENã€‘The oversized golf umbrella 51 inch is a haven for golf lovers,businessmen and daily travel.The windproof golf umbrellas with a diameter of 119 cm can shield 1-2 people from the wind and rain.The warmth under the umbrella warms each other's shouldersâ˜”ã€TOUGH AND STRONG PARAPLUIE DE GOLFã€‘The windproof grand parapluie de golf is made of glass fiber with high toughness,which is strong.The golf umbrella double canopy vent design is adopted to weaken the wind and resist strong wind.Our large golf umbrella is like a tall and straight tree,standing upright with a waist pole,standing in the wind and rain with tenacious vitality,and welcoming wind and rain with the best postureğŸˆã€TO BE A FREE SOULã€‘EVA breathable soft super large handle,large automatic opening button,comfortable and labor-saving,ready to open the sports umbrella.Beautiful and fashionable golf umbrella cover.Put the sturdy umbrella into the umbrella cover and change into a chivalrous man.Walk the world with a sword.Be a hero walking in the wind and rain.The soul of freedom is unstoppableğŸ‘«ã€PERFECT COMPANIONã€‘The fashionable and atmospheric golf umbrellas for rain can be installed on the golf cart to start an elegant golf activity.The big golf umbrella can also accompany you to an important business event to show a mature,low-key and tasteful life.Simple and luxurious large golf umbrella is the perfect companion for daily travel lifeğŸ’Œã€RELIABLE BRANDã€‘ZOMAKE oversize umbrella has accompanied more than 500,000 customers through trials and tribulations with its high-end atmospheric appearance and high-quality quality,creating countless warm memories together.Whether it's a rainy spring or a windy winter,ZOMAKE golf umbrella will always be with you!â€ºSee more product details",4.6 ,https://m.media-amazon.com/images/I/61d68GeSEyL.__AC_SX300_SY300_QL70_ML2_.jpg,ZOMAKE,Super value for the money!  This is a nice umbrella!  Seems really sturdy.
B071KFPM9S,ZOMAKE Extra Large Golf Umbrella 51/54/62/68 Inch - Grand Parapluie de Golf Automatic Open Double Canopy Vented Oversize Men's Golf Umbrellas for Rain Windproof Stick Umbrellas,umbrella,32.99,,"About this itemğŸŒˆã€EXTRA LARGE GOLF UMBRELLA WHICH IS WARM HAVENã€‘The oversized golf umbrella 51 inch is a haven for golf lovers,businessmen and daily travel.The windproof golf umbrellas with a diameter of 119 cm can shield 1-2 people from the wind and rain.The warmth under the umbrella warms each other's shouldersâ˜”ã€TOUGH AND STRONG PARAPLUIE DE GOLFã€‘The windproof grand parapluie de golf is made of glass fiber with high toughness,which is strong.The golf umbrella double canopy vent design is adopted to weaken the wind and resist strong wind.Our large golf umbrella is like a tall and straight tree,standing upright with a waist pole,standing in the wind and rain with tenacious vitality,and welcoming wind and rain with the best postureğŸˆã€TO BE A FREE SOULã€‘EVA breathable soft super large handle,large automatic opening button,comfortable and labor-saving,ready to open the sports umbrella.Beautiful and fashionable golf umbrella cover.Put the sturdy umbrella into the umbrella cover and change into a chivalrous man.Walk the world with a sword.Be a hero walking in the wind and rain.The soul of freedom is unstoppableğŸ‘«ã€PERFECT COMPANIONã€‘The fashionable and atmospheric golf umbrellas for rain can be installed on the golf cart to start an elegant golf activity.The big golf umbrella can also accompany you to an important business event to show a mature,low-key and tasteful life.Simple and luxurious large golf umbrella is the perfect companion for daily travel lifeğŸ’Œã€RELIABLE BRANDã€‘ZOMAKE oversize umbrella has accompanied more than 500,000 customers through trials and tribulations with its high-end atmospheric appearance and high-quality quality,creating countless warm memories together.Whether it's a rainy spring or a windy winter,ZOMAKE golf umbrella will always be with you!â€ºSee more product details",4.6 ,https://m.media-amazon.com/images/I/61d68GeSEyL.__AC_SX300_SY300_QL70_ML2_.jpg,ZOMAKE,Great so far!
